{
  "mainAssemblyName": "Wallet.Client",
  "resources": {
    "hash": "sha256-zftdu808KPTLWnU5J7WXZ95HS0DKT72x4vqE+qyNzFA=",
    "jsModuleNative": {
      "dotnet.native.js": "sha256-9Fzd5We95Rp03dEKIAbYjPDR3eWyLbmjMlYStvxyiok="
    },
    "jsModuleRuntime": {
      "dotnet.runtime.js": "sha256-aLf0XK8bqX83FXyXydFPTC1FOTq3PaeGDyoDn3uz194="
    },
    "wasmNative": {
      "dotnet.native.wasm": "sha256-Y1pDEFNAqpzUmFk5FuVUzruqNloBnByUMhlQ96dqto4="
    },
    "icu": {
      "icudt_CJK.dat": "sha256-SZLtQnRc0JkwqHab0VUVP7T3uBPSeYzxzDnpxPpUnHk=",
      "icudt_EFIGS.dat": "sha256-8fItetYY8kQ0ww6oxwTLiT3oXlBwHKumbeP2pRF4yTc=",
      "icudt_no_CJK.dat": "sha256-L7sV7NEYP37/Qr2FPCePo5cJqRgTXRwGHuwF5Q+0Nfs="
    },
    "coreAssembly": {},
    "assembly": {
      "Blazored.LocalStorage.wasm": "sha256-OaMAAd5n7ORfyur5e3QIyEVKJ76MKIvwbg7/icnnYcU=",
      "Blazored.Toast.wasm": "sha256-tCNYnYuB69ZO7+n7obUv//+KkNP809fARvATEkvPug4=",
      "Microsoft.AspNetCore.Authorization.wasm": "sha256-zf/XP01kNY3fYu/gY1S9SRl7FlexqG/U6J90aVC+P6I=",
      "Microsoft.AspNetCore.Components.Authorization.wasm": "sha256-GW5845petVQw4oti9fYG+OknbDm4KUkfV3a5Es053c0=",
      "Microsoft.AspNetCore.Components.Forms.wasm": "sha256-ni5wMdEAo8jjPe8+8cZWxvjIguRgNMTr9nt8LDYvLMc=",
      "Microsoft.AspNetCore.Components.wasm": "sha256-7btu/R2s18Xir+jry6gJYDrZurXnrAuBoP0+BLoMEFY=",
      "Microsoft.AspNetCore.Components.Web.wasm": "sha256-PQqUkFqvggWOHrNesRS2BmOeAoqYf0DziWS+iSTZweA=",
      "Microsoft.AspNetCore.Components.WebAssembly.wasm": "sha256-MIEQTBn9iFfbzHJYc5ZoegBfdFmW2wmzwlh90PcrcEk=",
      "Microsoft.AspNetCore.Metadata.wasm": "sha256-fnpS0+gZW7Q53o2om8cvZIHsPUtzc1wSM260aI133rM=",
      "Microsoft.CSharp.wasm": "sha256-Mp2bc0mg+qNHoAF5hql/VhB4sngMCXW+GuSVx4R7nts=",
      "Microsoft.Extensions.Configuration.Abstractions.wasm": "sha256-XR+WUfg8LtnrwdXFBnV+qO3ROyp6cYCfl1AZajIAheM=",
      "Microsoft.Extensions.Configuration.Json.wasm": "sha256-Nbv4DDWJLbUri+9QrX+3vnA2FV/Qux8Jm1buTARMlBs=",
      "Microsoft.Extensions.Configuration.wasm": "sha256-od574rRtVVRJj+24jbl8j3GdQFpxlJOpSx+pEMw1Q18=",
      "Microsoft.Extensions.DependencyInjection.Abstractions.wasm": "sha256-gkMbfDXU8Z4/rBoDBbsx01vHVx5EltLVd4OnQr7cAFw=",
      "Microsoft.Extensions.DependencyInjection.wasm": "sha256-gPl1KWGxLIxxQgQ9BG1m/niMzqZGG651efBdnDY3kDc=",
      "Microsoft.Extensions.Logging.Abstractions.wasm": "sha256-EWNXyJy5ZbgJC5C6s/taR22mlsYSjxKENvpbuizsKgw=",
      "Microsoft.Extensions.Logging.wasm": "sha256-KCdgvZvpkT0QTlCjj/PtlVlJnNw1mDlJAtaRSWXz0YM=",
      "Microsoft.Extensions.Options.wasm": "sha256-cchAFw7i1bV5sLP4di8m2zT/hk9nMqHGh5hmUgXyAtQ=",
      "Microsoft.Extensions.Primitives.wasm": "sha256-xyqqv0SMCahnrOs+p5QYDHoh/BAYlbNtyjTTpqmRW/g=",
      "Microsoft.JSInterop.wasm": "sha256-y28WDdHgwuPVTe71Yh35l5WAha1G+CC0Zc4uacilhKg=",
      "Microsoft.JSInterop.WebAssembly.wasm": "sha256-vf4HfrWTkwj/zl/kzWPhObcagkwFvvpvEtaKTbObomw=",
      "Newtonsoft.Json.wasm": "sha256-s8KVuknfxWl1cuDvQM/OnpBfnpM1rxzvzq21S1cF36U=",
      "System.Collections.Concurrent.wasm": "sha256-XXYJMWc3LDOCvGkNYx3iAkg78vu0443SP8YWw8SGKWA=",
      "System.Collections.NonGeneric.wasm": "sha256-5CupC9+YtTVgP/2ORKqEvfL1cFozpm4vCMa4adgaqhI=",
      "System.Collections.Specialized.wasm": "sha256-0VfNWtE3UiDqxNZaXrsc0JAvmRtUkEL0eCwBM6rT6aA=",
      "System.Collections.wasm": "sha256-4vFfNZ5kzzVoM/U1l+NCHZxc6qrmX1J7/HtH9FwVG/4=",
      "System.ComponentModel.Annotations.wasm": "sha256-I60QHMtcgjbvJRlpS2fOskhbvMQ6sqFgBfMfJGRICv8=",
      "System.ComponentModel.Primitives.wasm": "sha256-uT7rSIIIPLTDJBvnssOjmSXavXw5BeW/HyhreucpHQ4=",
      "System.ComponentModel.TypeConverter.wasm": "sha256-NZU337KOcszQxlPB3XkL0dXZAXWrJamigM+9++Te+S4=",
      "System.ComponentModel.wasm": "sha256-X9vgkY2cIvC8CnMneUHTyXHxPHRYmnx52CtgRikSWAw=",
      "System.Console.wasm": "sha256-wT8q8CmRNlUWZUQJ06FK4jbRX4PSjUJd+QnRXrdLOpw=",
      "System.Data.Common.wasm": "sha256-Q26B0Omw16+s4a0inRE05zczvjqdICr9rqGfO5zs+30=",
      "System.Diagnostics.DiagnosticSource.wasm": "sha256-6DJuKJjtNr/kV0kdXhYo9lhaCINuz1et20SY8GDbDLw=",
      "System.Diagnostics.TraceSource.wasm": "sha256-RsngvgmS970icT+lDhFla0lGb1mvAeLPfxqoMjWfw2E=",
      "System.Drawing.Primitives.wasm": "sha256-DHMumiLFmV9BRv9Ark2ReOxAPmAfyQa+X47gt4oDJH0=",
      "System.Drawing.wasm": "sha256-mbI+5f5hZ8gubznOitxGPQ6pXXMcD7rv6ZzKa4N9gww=",
      "System.Linq.Expressions.wasm": "sha256-l4whtsbV4kHKYcBP2aM3/3zxBPBdicvh2mMecDQwloE=",
      "System.Linq.wasm": "sha256-xfzdih/hk2DlySMMi08N8P9s5WZVDQ8LXikuaUqLNAE=",
      "System.Memory.wasm": "sha256-l+Ds2wOqO+06E2aa//eAw9h+rKDLpjEhWKk0xHM/9CE=",
      "System.Net.Http.Json.wasm": "sha256-q8mJnBbi2mrHHm8S/7wyfaRoHmvMDmZWvqQxlCN4Kso=",
      "System.Net.Http.wasm": "sha256-rD+id2P4RID+zpO1feXv+9AEBWz5hagGgO5MgbN6d5k=",
      "System.Net.Primitives.wasm": "sha256-E0hT5TIcg3LVQUOZ5G1Cu8jn4drUTITq40uYriluDWI=",
      "System.ObjectModel.wasm": "sha256-PRu6LW0JcwmVq381roW8Sg9fHgcA5OqAdIJt4jTpPwg=",
      "System.Private.CoreLib.wasm": "sha256-u4MOx63tP5WOCCPTGAI4e1Crs49Z62AKFnvnsg7xKq4=",
      "System.Private.Uri.wasm": "sha256-GJyj1FXfHjkBsNW0uZQtcUdTZY51ednML6S6Qa0MX0g=",
      "System.Private.Xml.Linq.wasm": "sha256-PlVHlUsvmtz2UQlhtb/kGD9NEzmytW/xQATzZ1JUUtM=",
      "System.Private.Xml.wasm": "sha256-YAGKH7QQImcvxShKrmvaeF7hoRVvAbbEjyTmMN/7ldw=",
      "System.Reflection.Emit.ILGeneration.wasm": "sha256-Tc81BdL/nlsCBhg5u+JK+VDeFxpFZH3dNnCW6uRM888=",
      "System.Reflection.Emit.Lightweight.wasm": "sha256-VVgSgZMw1A0a7dU8gN1mOQIghHHRsIAoY/Hw4bNQ72w=",
      "System.Reflection.Primitives.wasm": "sha256-CIKuUnQEiqjNildQr6nxy1QrPcGf1tcD+SCQXJAFe/Y=",
      "System.Runtime.InteropServices.JavaScript.wasm": "sha256-WL7eW1JaLznO/9RvD/dkv3ye0Ea+yF//MaD2COPPiTE=",
      "System.Runtime.InteropServices.wasm": "sha256-LSjXaJU6rGshatfi38t2prdLPll/AAlToiYn549oLIY=",
      "System.Runtime.Numerics.wasm": "sha256-2v0srY6KVFy6aql3HFJWcK4EkPuEtjg5rb4wv2MY/no=",
      "System.Runtime.Serialization.Formatters.wasm": "sha256-YNLQRMMJ8n10YVAos5oVHG/CjOYn8oCuXQ2+Nxa0MVA=",
      "System.Runtime.Serialization.Primitives.wasm": "sha256-jgOa8gmE9Guitho6ttsjY52k0/xg0EhOCrUT7mX7YIE=",
      "System.Runtime.wasm": "sha256-CfVz15a2P1ifBMtHniy+422/zWREJKuklVFc5YYy/Ls=",
      "System.Security.Claims.wasm": "sha256-XeA5UnqTnGxc+zkoraAAtrvqjm3zzhd6P4Dcd1hGTsQ=",
      "System.Security.Cryptography.wasm": "sha256-vAUQOrSWZ9mI97VqUniGxexpz99R67jGgXOub9q8xEc=",
      "System.Text.Encoding.Extensions.wasm": "sha256-Sa2pkS1BddgbYO85KHfUzt8GEDtX4U21jMazaqE6iCg=",
      "System.Text.Encodings.Web.wasm": "sha256-tP0fRrxPJxqfuVqtj/RUaW1rG2mgOjijqtmKEK1+9Dc=",
      "System.Text.Json.wasm": "sha256-eraZhIYO5eA1OmBeUeoMlCeOjbHakA1KUwNNR4jjwKk=",
      "System.Text.RegularExpressions.wasm": "sha256-7H2lwXTELi7PA34jLv8OSdI8J+W8cZ0t4Ju8xXwRhWc=",
      "System.Threading.wasm": "sha256-bEuUfbH5wxn0TlFTt8S9iFUYxIUyU/8HTo4dsFTrHTo=",
      "System.wasm": "sha256-PUc71Jd5nvz5F65sAd0C3ZORcUzYK2JSfSDmE+Drn0Q=",
      "System.Xml.Linq.wasm": "sha256-hBHQPzHDyzGS46AwOT1zxDGu6TGrvROMn0jW8km+sGI=",
      "System.Xml.ReaderWriter.wasm": "sha256-JES+eynZM2OqqzClBom6iwyD9/53iY4vzbuhWcRnzgI=",
      "System.Xml.XDocument.wasm": "sha256-qfk6gUcs6b8JJFLuviCxPKXxXcAbOsvs5CxHDYOxY08=",
      "Wallet.Client.wasm": "sha256-gPTlSzBYEXr+7R+DzrXMn9g8DxA9X0KH6wsGc8xH0/c=",
      "Wallet.Shared.wasm": "sha256-FhSjrJnGSx12f3+7f7MXn0/QJ+4tI+UQL9OBo8FUbj8="
    }
  },
  "cacheBootResources": true,
  "debugLevel": 0,
  "linkerEnabled": true,
  "globalizationMode": "sharded",
  "extensions": {
    "blazor": {}
  }
}